/*
SQLyog Community v8.4 
MySQL - 5.1.49-1ubuntu8.1 : Database - ims3
*********************************************************************
*/

/*!40101 SET NAMES utf8 */;

/*!40101 SET SQL_MODE=''*/;

/*!40014 SET @OLD_UNIQUE_CHECKS=@@UNIQUE_CHECKS, UNIQUE_CHECKS=0 */;
/*!40014 SET @OLD_FOREIGN_KEY_CHECKS=@@FOREIGN_KEY_CHECKS, FOREIGN_KEY_CHECKS=0 */;
/*!40101 SET @OLD_SQL_MODE=@@SQL_MODE, SQL_MODE='NO_AUTO_VALUE_ON_ZERO' */;
/*!40111 SET @OLD_SQL_NOTES=@@SQL_NOTES, SQL_NOTES=0 */;
CREATE DATABASE /*!32312 IF NOT EXISTS*/`ims3` /*!40100 DEFAULT CHARACTER SET latin1 */;

/*Table structure for table `administradores` */

DROP TABLE IF EXISTS `administradores`;

CREATE TABLE `administradores` (
  `id` int(11) NOT NULL AUTO_INCREMENT,
  `nome` varchar(255) DEFAULT NULL,
  `login` varchar(20) DEFAULT NULL,
  `email` varchar(255) DEFAULT NULL,
  `senha` varchar(255) DEFAULT NULL,
  `tipo` varchar(5) DEFAULT 'admin',
  PRIMARY KEY (`id`)
) ENGINE=MyISAM AUTO_INCREMENT=11 DEFAULT CHARSET=latin1;

/*Data for the table `administradores` */

insert  into `administradores`(`id`,`nome`,`login`,`email`,`senha`,`tipo`) values (1,'Fabio','fabio','fjunior@univali.br','12345','admin'),(10,'Ronaldo','ronaldoo','meuemail@gmail.com','12345','admin');

/*Table structure for table `estado` */

DROP TABLE IF EXISTS `estado`;

CREATE TABLE `estado` (
  `id` int(11) NOT NULL AUTO_INCREMENT,
  `id_servidor` int(11) DEFAULT NULL,
  `id_servico` int(11) DEFAULT NULL,
  `estado` varchar(100) DEFAULT NULL,
  `horario` timestamp NOT NULL DEFAULT CURRENT_TIMESTAMP ON UPDATE CURRENT_TIMESTAMP,
  PRIMARY KEY (`id`),
  KEY `id_servidor` (`id_servidor`),
  KEY `id_servico` (`id_servico`),
  CONSTRAINT `estado_ibfk_1` FOREIGN KEY (`id_servidor`) REFERENCES `servidores` (`id`) ON UPDATE CASCADE,
  CONSTRAINT `estado_ibfk_2` FOREIGN KEY (`id_servico`) REFERENCES `servicos` (`id`) ON UPDATE CASCADE
) ENGINE=InnoDB AUTO_INCREMENT=308 DEFAULT CHARSET=latin1;

/*Data for the table `estado` */

insert  into `estado`(`id`,`id_servidor`,`id_servico`,`estado`,`horario`) values (44,1,1,'1998840','2010-06-17 14:31:25'),(45,1,2,'3057264','2010-06-17 14:31:25'),(46,1,4,'3309448','2010-06-17 14:31:25'),(47,1,7,'0.49','2010-06-17 14:31:25'),(48,1,1,'1998840','2010-06-17 14:32:52'),(49,1,2,'3057264','2010-06-17 14:32:52'),(50,1,4,'3314340','2010-06-17 14:32:52'),(51,1,7,'0.37','2010-06-17 14:32:52'),(52,1,1,'1998840','2010-06-17 19:38:04'),(53,1,2,'3057264','2010-06-17 19:38:04'),(54,1,4,'4135000','2010-06-17 19:38:04'),(55,1,7,'1.00','2010-06-17 19:38:04'),(56,1,1,'1998840','2010-06-17 19:38:48'),(57,1,2,'3057264','2010-06-17 19:38:48'),(58,1,4,'4117668','2010-06-17 19:38:48'),(59,1,7,'0.73','2010-06-17 19:38:48'),(60,1,1,'1998364','2010-06-18 14:36:15'),(61,1,2,'3057264','2010-06-18 14:36:15'),(62,1,4,'4320052','2010-06-18 14:36:15'),(63,1,7,'1.50','2010-06-18 14:36:15'),(64,1,1,'1998840','2010-06-22 22:11:53'),(65,1,2,'3057264','2010-06-22 22:11:53'),(66,1,4,'3430300','2010-06-22 22:11:53'),(67,1,7,'1.79','2010-06-22 22:11:53'),(68,1,1,'1998840','2010-06-23 18:37:28'),(69,1,2,'3057264','2010-06-23 18:37:28'),(70,1,4,'4231196','2010-06-23 18:37:28'),(71,1,7,'0.50','2010-06-23 18:37:29'),(72,1,1,'1998840','2010-06-23 18:54:52'),(73,1,2,'3057264','2010-06-23 18:54:52'),(74,1,4,'3816748','2010-06-23 18:54:52'),(75,1,7,'1.03','2010-06-23 18:54:52'),(76,1,1,'1998840','2010-06-23 19:12:50'),(77,1,2,'3057264','2010-06-23 19:12:50'),(78,1,4,'3809880','2010-06-23 19:12:50'),(79,1,7,'0.93','2010-06-23 19:12:50'),(80,1,1,'1998840','2010-06-23 19:26:00'),(81,1,2,'3057264','2010-06-23 19:26:00'),(82,1,4,'3796592','2010-06-23 19:26:00'),(83,1,7,'1.27','2010-06-23 19:26:00'),(84,1,1,'1998840','2010-06-23 19:34:25'),(85,1,2,'3057264','2010-06-23 19:34:25'),(86,1,4,'3786408','2010-06-23 19:34:25'),(87,1,7,'1.42','2010-06-23 19:34:25'),(88,1,1,'1998840','2010-06-23 19:58:50'),(89,1,2,'3057264','2010-06-23 19:58:50'),(90,1,4,'3787524','2010-06-23 19:58:50'),(91,1,7,'1.02','2010-06-23 19:58:50'),(92,1,1,'1998840','2010-06-23 19:59:30'),(93,1,2,'3057264','2010-06-23 19:59:30'),(94,1,4,'3786380','2010-06-23 19:59:30'),(95,1,7,'1.32','2010-06-23 19:59:30'),(96,1,1,'1998840','2010-06-23 19:59:31'),(97,1,2,'3057264','2010-06-23 19:59:31'),(98,1,4,'3786380','2010-06-23 19:59:31'),(99,1,7,'1.32','2010-06-23 19:59:31'),(100,1,1,'1998840','2010-06-23 19:59:32'),(101,1,2,'3057264','2010-06-23 19:59:32'),(102,1,4,'3786380','2010-06-23 19:59:32'),(103,1,7,'1.32','2010-06-23 19:59:32'),(104,1,1,'1998840','2010-06-23 20:38:54'),(105,1,2,'3057264','2010-06-23 20:38:54'),(106,1,4,'3587372','2010-06-23 20:38:55'),(107,1,7,'1.77','2010-06-23 20:38:55'),(108,1,1,'1998840','2010-06-23 21:12:14'),(109,1,2,'3057264','2010-06-23 21:12:15'),(110,1,4,'3525564','2010-06-23 21:12:15'),(111,1,7,'1.53','2010-06-23 21:12:15'),(112,1,1,'1998840','2010-06-23 21:14:46'),(113,1,2,'3057264','2010-06-23 21:14:46'),(114,1,4,'3521056','2010-06-23 21:14:46'),(115,1,7,'1.86','2010-06-23 21:14:46'),(116,1,1,'1998840','2010-06-23 21:58:09'),(117,1,2,'3057264','2010-06-23 21:58:09'),(118,1,4,'3500412','2010-06-23 21:58:09'),(119,1,7,'1.03','2010-06-23 21:58:09'),(120,1,1,'1998840','2010-07-08 10:48:44'),(121,1,2,'3057264','2010-07-08 10:48:44'),(122,1,4,'3653300','2010-07-08 10:48:44'),(123,1,7,'0.40','2010-07-08 10:48:44'),(124,1,1,'1998840','2010-07-08 10:49:04'),(125,1,2,'3057264','2010-07-08 10:49:04'),(126,1,4,'3651748','2010-07-08 10:49:04'),(127,1,7,'0.35','2010-07-08 10:49:04'),(128,1,7,'\"1.01\"','2010-11-25 13:40:17'),(129,1,8,'\"0.73\"','2010-11-25 13:40:17'),(130,1,9,'\"0.66\"','2010-11-25 13:40:17'),(131,1,7,'\"1.01\"','2010-11-25 13:40:17'),(132,1,8,'\"0.73\"','2010-11-25 13:40:17'),(133,1,9,'\"0.66\"','2010-11-25 13:40:17'),(134,1,7,'\"1.01\"','2010-11-25 13:40:17'),(135,1,8,'\"0.73\"','2010-11-25 13:40:17'),(136,1,9,'\"0.66\"','2010-11-25 13:40:17'),(137,1,7,'\"1.01\"','2010-11-25 13:40:17'),(138,1,8,'\"0.73\"','2010-11-25 13:40:17'),(139,1,9,'\"0.66\"','2010-11-25 13:40:17'),(140,1,7,'\"0.89\"','2010-11-25 13:42:36'),(141,1,8,'\"0.77\"','2010-11-25 13:42:36'),(142,1,9,'\"0.67\"','2010-11-25 13:42:36'),(143,1,7,'\"0.89\"','2010-11-25 13:42:36'),(144,1,8,'\"0.77\"','2010-11-25 13:42:36'),(145,1,9,'\"0.67\"','2010-11-25 13:42:36'),(146,1,7,'\"0.89\"','2010-11-25 13:42:36'),(147,1,8,'\"0.77\"','2010-11-25 13:42:36'),(148,1,9,'\"0.67\"','2010-11-25 13:42:36'),(149,1,7,'\"0.89\"','2010-11-25 13:42:36'),(150,1,8,'\"0.77\"','2010-11-25 13:42:36'),(151,1,9,'\"0.67\"','2010-11-25 13:42:36'),(152,2,7,'Timeout: No Response from palmas.buscaimoveis.com.','2010-11-25 13:42:42'),(153,2,8,'Timeout: No Response from palmas.buscaimoveis.com.','2010-11-25 13:42:49'),(154,2,9,'Timeout: No Response from palmas.buscaimoveis.com.','2010-11-25 13:42:55'),(155,2,7,'Timeout: No Response from palmas.buscaimoveis.com.','2010-11-25 13:43:01'),(156,2,8,'Timeout: No Response from palmas.buscaimoveis.com.','2010-11-25 13:43:07'),(157,2,9,'Timeout: No Response from palmas.buscaimoveis.com.','2010-11-25 13:43:13'),(158,2,7,'Timeout: No Response from palmas.buscaimoveis.com.','2010-11-25 13:43:20'),(159,1,7,'\"1.52\"','2010-11-25 13:50:13'),(160,1,8,'\"1.20\"','2010-11-25 13:50:13'),(161,1,9,'\"0.89\"','2010-11-25 13:50:13'),(162,1,7,'\"1.52\"','2010-11-25 13:50:13'),(163,1,8,'\"1.20\"','2010-11-25 13:50:13'),(164,1,9,'\"0.89\"','2010-11-25 13:50:13'),(165,1,7,'\"1.52\"','2010-11-25 13:50:13'),(166,1,8,'\"1.20\"','2010-11-25 13:50:13'),(167,1,9,'\"0.89\"','2010-11-25 13:50:13'),(168,1,7,'\"1.52\"','2010-11-25 13:50:13'),(169,1,8,'\"1.20\"','2010-11-25 13:50:13'),(170,1,9,'\"0.89\"','2010-11-25 13:50:13'),(171,2,7,'Timeout: No Response from palmas.buscaimoveis.com.','2010-11-25 13:50:20'),(172,2,8,'Timeout: No Response from palmas.buscaimoveis.com.','2010-11-25 13:50:26'),(173,2,9,'Timeout: No Response from palmas.buscaimoveis.com.','2010-11-25 13:50:32'),(174,2,7,'Timeout: No Response from palmas.buscaimoveis.com.','2010-11-25 13:50:38'),(175,2,8,'Timeout: No Response from palmas.buscaimoveis.com.','2010-11-25 13:50:45'),(176,1,7,'\"1.07\"','2010-11-25 13:54:35'),(177,1,8,'\"1.14\"','2010-11-25 13:54:35'),(178,1,9,'\"0.93\"','2010-11-25 13:54:35'),(179,1,7,'\"1.07\"','2010-11-25 13:54:35'),(180,1,8,'\"1.14\"','2010-11-25 13:54:35'),(181,1,9,'\"0.93\"','2010-11-25 13:54:35'),(182,1,7,'\"1.07\"','2010-11-25 13:54:35'),(183,1,8,'\"1.14\"','2010-11-25 13:54:35'),(184,1,9,'\"0.93\"','2010-11-25 13:54:35'),(185,1,7,'\"1.07\"','2010-11-25 13:54:35'),(186,1,8,'\"1.14\"','2010-11-25 13:54:35'),(187,1,9,'\"0.93\"','2010-11-25 13:54:35'),(188,2,7,'\"0.79\"','2010-11-25 13:54:35'),(189,2,8,'\"0.28\"','2010-11-25 13:54:37'),(190,2,9,'\"0.18\"','2010-11-25 13:54:39'),(191,2,7,'\"0.72\"','2010-11-25 13:54:39'),(192,2,8,'\"0.27\"','2010-11-25 13:54:40'),(193,2,9,'\"0.18\"','2010-11-25 13:54:40'),(194,2,7,'\"0.72\"','2010-11-25 13:54:41'),(195,2,8,'\"0.27\"','2010-11-25 13:54:42'),(196,2,9,'\"0.18\"','2010-11-25 13:54:43'),(197,2,7,'\"0.67\"','2010-11-25 13:54:43'),(198,2,8,'\"0.27\"','2010-11-25 13:54:44'),(199,2,9,'\"0.18\"','2010-11-25 13:54:44'),(200,3,7,'\"0.12\"','2010-11-25 13:54:45'),(201,3,8,'\"0.15\"','2010-11-25 13:54:45'),(202,3,9,'\"0.16\"','2010-11-25 13:54:45'),(203,3,7,'\"0.12\"','2010-11-25 13:54:46'),(204,3,8,'\"0.15\"','2010-11-25 13:54:46'),(205,3,9,'\"0.16\"','2010-11-25 13:54:47'),(206,3,7,'\"0.11\"','2010-11-25 13:54:49'),(207,3,8,'\"0.15\"','2010-11-25 13:54:50'),(208,3,9,'\"0.16\"','2010-11-25 13:54:51'),(209,3,7,'\"0.10\"','2010-11-25 13:54:51'),(210,3,8,'\"0.15\"','2010-11-25 13:54:52'),(211,3,9,'\"0.16\"','2010-11-25 13:54:52'),(212,4,7,'\"0.69\"','2010-11-25 13:54:53'),(213,4,8,'\"0.56\"','2010-11-25 13:54:53'),(214,4,9,'\"0.52\"','2010-11-25 13:54:54'),(215,4,7,'\"0.63\"','2010-11-25 13:54:55'),(216,4,8,'\"0.55\"','2010-11-25 13:54:56'),(217,4,9,'\"0.52\"','2010-11-25 13:54:56'),(218,4,7,'\"0.63\"','2010-11-25 13:54:57'),(219,4,8,'\"0.55\"','2010-11-25 13:54:58'),(220,4,9,'\"0.52\"','2010-11-25 13:54:58'),(221,4,7,'\"0.63\"','2010-11-25 13:54:59'),(222,4,8,'\"0.54\"','2010-11-25 13:55:04'),(223,4,9,'\"0.52\"','2010-11-25 13:55:05'),(224,5,7,'\"0.00\"','2010-11-25 13:55:10'),(225,5,8,'\"0.03\"','2010-11-25 13:55:11'),(226,5,9,'\"0.00\"','2010-11-25 13:55:11'),(227,5,7,'\"0.00\"','2010-11-25 13:55:12'),(228,5,8,'\"0.03\"','2010-11-25 13:55:15'),(229,5,9,'\"0.00\"','2010-11-25 13:55:16'),(230,5,7,'\"0.00\"','2010-11-25 13:55:21'),(231,5,8,'\"0.02\"','2010-11-25 13:55:22'),(232,5,9,'\"0.00\"','2010-11-25 13:55:22'),(233,5,7,'\"0.00\"','2010-11-25 13:55:28'),(234,5,8,'\"0.02\"','2010-11-25 13:55:28'),(235,5,9,'\"0.00\"','2010-11-25 13:55:29'),(248,1,7,'\"1.25\"','2010-11-25 14:00:37'),(249,1,8,'\"1.16\"','2010-11-25 14:00:37'),(250,1,9,'\"1.01\"','2010-11-25 14:00:37'),(251,1,7,'\"1.25\"','2010-11-25 14:00:37'),(252,1,8,'\"1.16\"','2010-11-25 14:00:37'),(253,1,9,'\"1.01\"','2010-11-25 14:00:37'),(254,1,7,'\"1.25\"','2010-11-25 14:00:37'),(255,1,8,'\"1.16\"','2010-11-25 14:00:37'),(256,1,9,'\"1.01\"','2010-11-25 14:00:37'),(257,1,7,'\"1.25\"','2010-11-25 14:00:37'),(258,1,8,'\"1.16\"','2010-11-25 14:00:37'),(259,1,9,'\"1.01\"','2010-11-25 14:00:37'),(260,2,7,'\"0.48\"','2010-11-25 14:00:37'),(261,2,8,'\"0.25\"','2010-11-25 14:00:38'),(262,2,9,'\"0.18\"','2010-11-25 14:00:38'),(263,2,7,'\"0.44\"','2010-11-25 14:00:39'),(264,2,8,'\"0.25\"','2010-11-25 14:00:39'),(265,2,9,'\"0.18\"','2010-11-25 14:00:40'),(266,2,7,'\"0.44\"','2010-11-25 14:00:40'),(267,2,8,'\"0.25\"','2010-11-25 14:00:41'),(268,2,9,'\"0.18\"','2010-11-25 14:00:41'),(269,2,7,'\"0.44\"','2010-11-25 14:00:42'),(270,2,8,'\"0.25\"','2010-11-25 14:00:42'),(271,2,9,'\"0.18\"','2010-11-25 14:00:47'),(272,3,7,'\"0.19\"','2010-11-25 14:00:48'),(273,3,8,'\"0.17\"','2010-11-25 14:00:48'),(274,3,9,'\"0.17\"','2010-11-25 14:00:49'),(275,3,7,'\"0.19\"','2010-11-25 14:00:49'),(276,3,8,'\"0.17\"','2010-11-25 14:00:50'),(277,3,9,'\"0.17\"','2010-11-25 14:00:50'),(278,3,7,'\"0.19\"','2010-11-25 14:00:51'),(279,3,8,'\"0.17\"','2010-11-25 14:00:51'),(280,3,9,'\"0.17\"','2010-11-25 14:00:52'),(281,3,7,'\"0.17\"','2010-11-25 14:00:52'),(282,3,8,'\"0.17\"','2010-11-25 14:00:53'),(283,3,9,'\"0.17\"','2010-11-25 14:00:54'),(284,4,7,'\"0.47\"','2010-11-25 14:00:55'),(285,4,8,'\"0.50\"','2010-11-25 14:00:55'),(286,4,9,'\"0.51\"','2010-11-25 14:00:56'),(287,4,7,'\"0.59\"','2010-11-25 14:00:56'),(288,4,8,'\"0.52\"','2010-11-25 14:00:58'),(289,4,9,'\"0.51\"','2010-11-25 14:00:58'),(290,4,7,'\"0.59\"','2010-11-25 14:00:58'),(291,4,8,'\"0.52\"','2010-11-25 14:00:59'),(292,4,9,'\"0.51\"','2010-11-25 14:01:00'),(293,4,7,'\"0.59\"','2010-11-25 14:01:00'),(294,4,8,'\"0.54\"','2010-11-25 14:01:01'),(295,4,9,'\"0.52\"','2010-11-25 14:01:01'),(296,5,7,'\"0.08\"','2010-11-25 14:01:01'),(297,5,8,'\"0.03\"','2010-11-25 14:01:02'),(298,5,9,'\"0.01\"','2010-11-25 14:01:02'),(299,5,7,'\"0.08\"','2010-11-25 14:01:03'),(300,5,8,'\"0.03\"','2010-11-25 14:01:04'),(301,5,9,'\"0.01\"','2010-11-25 14:01:04'),(302,5,7,'\"0.08\"','2010-11-25 14:01:05'),(303,5,8,'\"0.03\"','2010-11-25 14:01:05'),(304,5,9,'\"0.01\"','2010-11-25 14:01:06'),(305,5,7,'\"0.07\"','2010-11-25 14:01:07'),(306,5,8,'\"0.03\"','2010-11-25 14:01:08'),(307,5,9,'\"0.01\"','2010-11-25 14:01:08');

/*Table structure for table `servicos` */

DROP TABLE IF EXISTS `servicos`;

CREATE TABLE `servicos` (
  `id` int(11) NOT NULL AUTO_INCREMENT,
  `nome` varchar(30) DEFAULT NULL,
  `mib` varchar(30) DEFAULT NULL,
  PRIMARY KEY (`id`)
) ENGINE=InnoDB AUTO_INCREMENT=11 DEFAULT CHARSET=latin1;

/*Data for the table `servicos` */

insert  into `servicos`(`id`,`nome`,`mib`) values (1,'memTotalSwap','.1.3.6.1.4.1.2021.4.4.0'),(2,'memAvailSwap','.1.3.6.1.4.1.2021.4.5.0'),(3,'memTotalReal','.1.3.6.1.4.1.2021.4.6.0'),(4,'memAvailReal','.1.3.6.1.4.1.2021.4.11.0'),(5,'memTotalFree','.1.3.6.1.4.1.2021.4.12.0'),(6,'ipAdEntAddr','.1.3.6.1.2.1.4.20.1.2'),(7,'laLoad.1','.1.3.6.1.4.1.2021.10.1.3.1'),(8,'laLoad.2','.1.3.6.1.4.1.2021.10.1.3.2'),(9,'laLoad.3','.1.3.6.1.4.1.2021.10.1.3.3'),(10,'sysContact','.1.3.6.1.2.1.1.4.0');

/*Table structure for table `servidor_has_servicos` */

DROP TABLE IF EXISTS `servidor_has_servicos`;

CREATE TABLE `servidor_has_servicos` (
  `id` int(11) NOT NULL AUTO_INCREMENT,
  `id_servidor` int(11) DEFAULT NULL,
  `id_servico` int(11) DEFAULT NULL,
  PRIMARY KEY (`id`),
  KEY `id_servidor` (`id_servidor`),
  KEY `id_servico` (`id_servico`),
  CONSTRAINT `servidor_has_servicos_ibfk_1` FOREIGN KEY (`id_servidor`) REFERENCES `servidores` (`id`) ON UPDATE CASCADE,
  CONSTRAINT `servidor_has_servicos_ibfk_2` FOREIGN KEY (`id_servico`) REFERENCES `servicos` (`id`) ON UPDATE CASCADE
) ENGINE=InnoDB AUTO_INCREMENT=29 DEFAULT CHARSET=latin1;

/*Data for the table `servidor_has_servicos` */

insert  into `servidor_has_servicos`(`id`,`id_servidor`,`id_servico`) values (13,2,7),(14,2,8),(15,2,9),(16,3,7),(17,3,8),(18,3,9),(19,4,7),(20,4,8),(21,4,9),(22,5,7),(23,5,8),(24,5,9),(25,2,1),(26,2,2),(27,2,3),(28,2,4);

/*Table structure for table `servidores` */

DROP TABLE IF EXISTS `servidores`;

CREATE TABLE `servidores` (
  `id` int(11) NOT NULL AUTO_INCREMENT,
  `ip` varchar(30) DEFAULT NULL,
  `community` varchar(15) DEFAULT NULL,
  `nome` varchar(255) DEFAULT NULL,
  `hostname` varchar(255) DEFAULT NULL,
  PRIMARY KEY (`id`)
) ENGINE=InnoDB AUTO_INCREMENT=6 DEFAULT CHARSET=latin1;

/*Data for the table `servidores` */

insert  into `servidores`(`id`,`ip`,`community`,`nome`,`hostname`) values (1,'127.0.0.1','public','localhost','localhost.localdomain'),(2,'aragorn.buscaimoveis.com','fortsoft','palmas','aragorn.buscaimoveis.com'),(3,'legolas.buscaimoveis.com','fortsoft','campeche','legolas.buscaimoveis.com'),(4,'gimli.buscaimoveis.com','fortsoft','sambaqui','gimli.buscaimoveis.com'),(5,'samwise.buscaimoveis.com','fortsoft','joaquina','samwise.buscaimoveis.com');

/*Table structure for table `admin_funcao` */

DROP TABLE IF EXISTS `admin_funcao`;

/*!50001 DROP VIEW IF EXISTS `admin_funcao` */;
/*!50001 DROP TABLE IF EXISTS `admin_funcao` */;

/*!50001 CREATE TABLE  `admin_funcao`(
 `id` int(11) ,
 `login` varchar(20) ,
 `tipo` varchar(5) 
)*/;

/*View structure for view admin_funcao */

/*!50001 DROP TABLE IF EXISTS `admin_funcao` */;
/*!50001 DROP VIEW IF EXISTS `admin_funcao` */;

/*!50001 CREATE ALGORITHM=UNDEFINED DEFINER=`root`@`localhost` SQL SECURITY DEFINER VIEW `admin_funcao` AS (select `administradores`.`id` AS `id`,`administradores`.`login` AS `login`,`administradores`.`tipo` AS `tipo` from `administradores`) */;

/*!40101 SET SQL_MODE=@OLD_SQL_MODE */;
/*!40014 SET FOREIGN_KEY_CHECKS=@OLD_FOREIGN_KEY_CHECKS */;
/*!40014 SET UNIQUE_CHECKS=@OLD_UNIQUE_CHECKS */;
/*!40111 SET SQL_NOTES=@OLD_SQL_NOTES */;
